{ "size": [32,54], "clips": [
    { "name": "neutral",   "loop": "onBeat", "fps": 0,  "loopStart": 0,  "portraitOffset": [3,27], "portraitSize": [25,27], "portraitScale": 2, "frames": [0]},
    { "name": "happy",     "loop": "yes",    "fps": 30, "loopStart": 4,  "portraitOffset": [3,27], "portraitSize": [25,27], "portraitScale": 2, "frames": [10,9,8,7,6]},
    { "name": "barely",    "loop": "no",     "fps": 30, "loopStart": 0,  "portraitOffset": [3,27], "portraitSize": [25,27], "portraitScale": 2, "frames": [6,5,4,3,2,1,0]},
    { "name": "missed",    "loop": "no",     "fps": 30, "loopStart": 0,  "portraitOffset": [3,27], "portraitSize": [25,27], "portraitScale": 2, "frames": [10,9,8,7,6,5,4,3,2,1,0]},

    { "name": "-",         "loop": "onBeat", "fps": 0,  "loopStart": 0,  "portraitOffset": [3,27], "portraitSize": [25,27], "portraitScale": 2, "frames": [0]},
    { "name": "-^",        "loop": "onBeat", "fps": 0,  "loopStart": 0,  "portraitOffset": [3,27], "portraitSize": [25,27], "portraitScale": 2, "frames": [11,12,13]},
    { "name": "- Open",    "loop": "yes",    "fps": 30, "loopStart": 4,  "portraitOffset": [3,27], "portraitSize": [25,27], "portraitScale": 2, "frames": [10,9,8,7,6]},
    { "name": "- Close",   "loop": "no",     "fps": 30, "loopStart": 0,  "portraitOffset": [3,27], "portraitSize": [25,27], "portraitScale": 2, "frames": [6,5,4,3,2,1,0]},
    { "name": "- Flash",   "loop": "no",     "fps": 30, "loopStart": 0,  "portraitOffset": [3,27], "portraitSize": [25,27], "portraitScale": 2, "frames": [10,9,8,7,6,5,4,3,2,1,0]},

    { "name": "X",         "loop": "onBeat", "fps": 0,  "loopStart": 0,  "portraitOffset": [3,27], "portraitSize": [25,27], "portraitScale": 2, "frames": [46]},
    { "name": "C",         "loop": "onBeat", "fps": 0,  "loopStart": 0,  "portraitOffset": [3,27], "portraitSize": [25,27], "portraitScale": 2, "frames": [79]},
    { "name": "S",         "loop": "onBeat", "fps": 0,  "loopStart": 0,  "portraitOffset": [3,27], "portraitSize": [25,27], "portraitScale": 2, "frames": [112]},
    { "name": "T",         "loop": "onBeat", "fps": 0,  "loopStart": 0,  "portraitOffset": [3,27], "portraitSize": [25,27], "portraitScale": 2, "frames": [145]},

    { "name": "X-Open",    "loop": "yes",    "fps": 30, "loopStart": 4,  "portraitOffset": [3,27], "portraitSize": [25,27], "portraitScale": 2, "frames": [33,34,35,36,35]},
    { "name": "X-Close",   "loop": "no",     "fps": 30, "loopStart": 0,  "portraitOffset": [3,27], "portraitSize": [25,27], "portraitScale": 2, "frames": [35,34,33,0]},
    { "name": "X-Both",    "loop": "no",     "fps": 30, "loopStart": 0,  "portraitOffset": [3,27], "portraitSize": [25,27], "portraitScale": 2, "frames": [33,34,35,36,35,34,33,0]},
    { "name": "X-Flash",   "loop": "yes",    "fps": 30, "loopStart": 7,  "portraitOffset": [3,27], "portraitSize": [25,27], "portraitScale": 2, "frames": [43,42,41,40,39,38,37,35]},
    { "name": "C-Open",    "loop": "yes",    "fps": 30, "loopStart": 4,  "portraitOffset": [3,27], "portraitSize": [25,27], "portraitScale": 2, "frames": [66,67,68,69,68]},
    { "name": "C-Close",   "loop": "no",     "fps": 30, "loopStart": 0,  "portraitOffset": [3,27], "portraitSize": [25,27], "portraitScale": 2, "frames": [68,67,66,0]},
    { "name": "C-Both",    "loop": "no",     "fps": 30, "loopStart": 0,  "portraitOffset": [3,27], "portraitSize": [25,27], "portraitScale": 2, "frames": [66,67,68,69,68,67,66,0]},
    { "name": "C-Flash",   "loop": "yes",    "fps": 30, "loopStart": 7,  "portraitOffset": [3,27], "portraitSize": [25,27], "portraitScale": 2, "frames": [76,75,74,73,72,71,70,68]},
    { "name": "S-Open",    "loop": "yes",    "fps": 30, "loopStart": 4,  "portraitOffset": [3,27], "portraitSize": [25,27], "portraitScale": 2, "frames": [99,100,101,102,101]},
    { "name": "S-Close",   "loop": "no",     "fps": 30, "loopStart": 0,  "portraitOffset": [3,27], "portraitSize": [25,27], "portraitScale": 2, "frames": [101,100,99,0]},
    { "name": "S-Both",    "loop": "no",     "fps": 30, "loopStart": 0,  "portraitOffset": [3,27], "portraitSize": [25,27], "portraitScale": 2, "frames": [99,100,101,102,101,100,99,0]},
    { "name": "S-Flash",   "loop": "yes",    "fps": 30, "loopStart": 7,  "portraitOffset": [3,27], "portraitSize": [25,27], "portraitScale": 2, "frames": [109,108,107,106,105,104,103,101]},
    { "name": "T-Open",    "loop": "yes",    "fps": 30, "loopStart": 4,  "portraitOffset": [3,27], "portraitSize": [25,27], "portraitScale": 2, "frames": [132,133,134,135,134]},
    { "name": "T-Close",   "loop": "no",     "fps": 30, "loopStart": 0,  "portraitOffset": [3,27], "portraitSize": [25,27], "portraitScale": 2, "frames": [134,133,132,0]},
    { "name": "T-Both",    "loop": "no",     "fps": 30, "loopStart": 0,  "portraitOffset": [3,27], "portraitSize": [25,27], "portraitScale": 2, "frames": [132,133,134,135,134,133,132,0]},
    { "name": "T-Flash",   "loop": "yes",    "fps": 30, "loopStart": 7,  "portraitOffset": [3,27], "portraitSize": [25,27], "portraitScale": 2, "frames": [142,141,140,139,138,137,136,134]},

    { "name": "X^Open",    "loop": "yes",    "fps": 30, "loopStart": 4,  "portraitOffset": [3,27], "portraitSize": [25,27], "portraitScale": 2, "frames": [165,177,189,168,178,178,178,189,189,189,167,167,167]},
    { "name": "X^Close",   "loop": "yes",    "fps": 30, "loopStart": 3,  "portraitOffset": [3,27], "portraitSize": [25,27], "portraitScale": 2, "frames": [167,177,187,11,11,11,12,12,12,13,13,13]},
    { "name": "X^Both",    "loop": "yes",    "fps": 30, "loopStart": 7,  "portraitOffset": [3,27], "portraitSize": [25,27], "portraitScale": 2, "frames": [165,177,189,168,178,188,165,11,11,11,12,12,12,13,13,13]},
    { "name": "X^Flash",   "loop": "yes",    "fps": 30, "loopStart": 7,  "portraitOffset": [3,27], "portraitSize": [25,27], "portraitScale": 2, "frames": [175,185,195,172,182,192,169,178,178,178,189,189,189,167,167,167]},
    { "name": "C^Open",    "loop": "yes",    "fps": 30, "loopStart": 4,  "portraitOffset": [3,27], "portraitSize": [25,27], "portraitScale": 2, "frames": [198,210,222,201,211,211,211,222,222,222,200,200,200]},
    { "name": "C^Close",   "loop": "yes",    "fps": 30, "loopStart": 3,  "portraitOffset": [3,27], "portraitSize": [25,27], "portraitScale": 2, "frames": [200,210,220,11,11,11,12,12,12,13,13,13]},
    { "name": "C^Both",    "loop": "yes",    "fps": 30, "loopStart": 7,  "portraitOffset": [3,27], "portraitSize": [25,27], "portraitScale": 2, "frames": [198,210,222,201,211,221,198,11,11,11,12,12,12,13,13,13]},
    { "name": "C^Flash",   "loop": "yes",    "fps": 30, "loopStart": 7,  "portraitOffset": [3,27], "portraitSize": [25,27], "portraitScale": 2, "frames": [208,218,228,205,215,225,202,211,211,211,222,222,222,200,200,200]},
    { "name": "S^Open",    "loop": "yes",    "fps": 30, "loopStart": 4,  "portraitOffset": [3,27], "portraitSize": [25,27], "portraitScale": 2, "frames": [231,243,255,234,244,244,244,255,255,255,233,233,233]},
    { "name": "S^Close",   "loop": "yes",    "fps": 30, "loopStart": 3,  "portraitOffset": [3,27], "portraitSize": [25,27], "portraitScale": 2, "frames": [233,243,253,11,11,11,12,12,12,13,13,13]},
    { "name": "S^Both",    "loop": "yes",    "fps": 30, "loopStart": 7,  "portraitOffset": [3,27], "portraitSize": [25,27], "portraitScale": 2, "frames": [231,243,255,234,244,254,231,11,11,11,12,12,12,13,13,13]},
    { "name": "S^Flash",   "loop": "yes",    "fps": 30, "loopStart": 7,  "portraitOffset": [3,27], "portraitSize": [25,27], "portraitScale": 2, "frames": [241,251,261,238,248,258,235,244,244,244,255,255,255,233,233,233]},
    { "name": "T^Open",    "loop": "yes",    "fps": 30, "loopStart": 4,  "portraitOffset": [3,27], "portraitSize": [25,27], "portraitScale": 2, "frames": [264,276,288,267,277,277,277,288,288,288,266,266,266]},
    { "name": "T^Close",   "loop": "yes",    "fps": 30, "loopStart": 3,  "portraitOffset": [3,27], "portraitSize": [25,27], "portraitScale": 2, "frames": [266,276,286,11,11,11,12,12,12,13,13,13]},
    { "name": "T^Both",    "loop": "yes",    "fps": 30, "loopStart": 7,  "portraitOffset": [3,27], "portraitSize": [25,27], "portraitScale": 2, "frames": [264,276,288,267,277,287,264,11,11,11,12,12,12,13,13,13]},
    { "name": "T^Flash",   "loop": "yes",    "fps": 30, "loopStart": 7,  "portraitOffset": [3,27], "portraitSize": [25,27], "portraitScale": 2, "frames": [274,284,294,271,281,291,268,277,277,277,288,288,288,266,266,266]},
    
    { "name": "X Open",    "loop": "yes",    "fps": 30, "loopStart": 4,  "portraitOffset": [3,27], "portraitSize": [25,27], "portraitScale": 2, "frames": [44,45,46,47,46]},
    { "name": "X Close",   "loop": "no",     "fps": 30, "loopStart": 0,  "portraitOffset": [3,27], "portraitSize": [25,27], "portraitScale": 2, "frames": [46,45,44,0]},
    { "name": "X Both",    "loop": "no",     "fps": 30, "loopStart": 0,  "portraitOffset": [3,27], "portraitSize": [25,27], "portraitScale": 2, "frames": [44,45,46,47,46,45,44,0]},
    { "name": "X Flash",   "loop": "yes",    "fps": 30, "loopStart": 7,  "portraitOffset": [3,27], "portraitSize": [25,27], "portraitScale": 2, "frames": [54,53,52,51,50,49,48,46]},
    { "name": "C Open",    "loop": "yes",    "fps": 30, "loopStart": 4,  "portraitOffset": [3,27], "portraitSize": [25,27], "portraitScale": 2, "frames": [77,78,79,80,79]},
    { "name": "C Close",   "loop": "no",     "fps": 30, "loopStart": 0,  "portraitOffset": [3,27], "portraitSize": [25,27], "portraitScale": 2, "frames": [79,78,77,11]},
    { "name": "C Both",    "loop": "no",     "fps": 30, "loopStart": 0,  "portraitOffset": [3,27], "portraitSize": [25,27], "portraitScale": 2, "frames": [77,78,79,80,79,78,77,11]},
    { "name": "C Flash",   "loop": "yes",    "fps": 30, "loopStart": 7,  "portraitOffset": [3,27], "portraitSize": [25,27], "portraitScale": 2, "frames": [87,86,85,84,83,82,81,79]},
    { "name": "S Open",    "loop": "yes",    "fps": 30, "loopStart": 4,  "portraitOffset": [3,27], "portraitSize": [25,27], "portraitScale": 2, "frames": [110,111,112,113,112]},
    { "name": "S Close",   "loop": "no",     "fps": 30, "loopStart": 0,  "portraitOffset": [3,27], "portraitSize": [25,27], "portraitScale": 2, "frames": [112,111,110,11]},
    { "name": "S Both",    "loop": "no",     "fps": 30, "loopStart": 0,  "portraitOffset": [3,27], "portraitSize": [25,27], "portraitScale": 2, "frames": [110,111,112,113,112,111,110,11]},
    { "name": "S Flash",   "loop": "yes",    "fps": 30, "loopStart": 7,  "portraitOffset": [3,27], "portraitSize": [25,27], "portraitScale": 2, "frames": [120,119,118,117,116,115,114,112]},
    { "name": "T Open",    "loop": "yes",    "fps": 30, "loopStart": 4,  "portraitOffset": [3,27], "portraitSize": [25,27], "portraitScale": 2, "frames": [143,144,145,146,145]},
    { "name": "T Close",   "loop": "no",     "fps": 30, "loopStart": 0,  "portraitOffset": [3,27], "portraitSize": [25,27], "portraitScale": 2, "frames": [145,144,143,11]},
    { "name": "T Both",    "loop": "no",     "fps": 30, "loopStart": 0,  "portraitOffset": [3,27], "portraitSize": [25,27], "portraitScale": 2, "frames": [143,144,145,146,145,144,143,11]},
    { "name": "T Flash",   "loop": "yes",    "fps": 30, "loopStart": 7,  "portraitOffset": [3,27], "portraitSize": [25,27], "portraitScale": 2, "frames": [153,152,151,150,149,148,147,145]},

    { "name": "U",         "loop": "yes",    "fps": 0,  "loopStart": 0,  "portraitOffset": [3,27], "portraitSize": [25,27], "portraitScale": 2, "frames": [27]},
    { "name": "U Open",    "loop": "yes",    "fps": 30, "loopStart": 4,  "portraitOffset": [3,27], "portraitSize": [25,27], "portraitScale": 2, "frames": [30,29,29,28,27]},
    { "name": "U Close",   "loop": "no",     "fps": 30, "loopStart": 0,  "portraitOffset": [3,27], "portraitSize": [25,27], "portraitScale": 2, "frames": [27,26,25,24,23,22,0]},
    { "name": "U Both",    "loop": "no",     "fps": 30, "loopStart": 0,  "portraitOffset": [3,27], "portraitSize": [25,27], "portraitScale": 2, "frames": [30,29,29,28,27,26,25,24,23,22,0]},
    { "name": "D",         "loop": "yes",    "fps": 0,  "loopStart": 0,  "portraitOffset": [3,27], "portraitSize": [25,27], "portraitScale": 2, "frames": [60]},
    { "name": "D Open",    "loop": "yes",    "fps": 30, "loopStart": 4,  "portraitOffset": [3,27], "portraitSize": [25,27], "portraitScale": 2, "frames": [63,62,62,61,60]},
    { "name": "D Close",   "loop": "no",     "fps": 30, "loopStart": 0,  "portraitOffset": [3,27], "portraitSize": [25,27], "portraitScale": 2, "frames": [60,59,58,57,56,55,0]},
    { "name": "D Both",    "loop": "no",     "fps": 30, "loopStart": 0,  "portraitOffset": [3,27], "portraitSize": [25,27], "portraitScale": 2, "frames": [63,62,62,61,60,59,58,57,56,55,0]},
    { "name": "W L",       "loop": "onBeat", "fps": 0,  "loopStart": 0,  "portraitOffset": [3,27], "portraitSize": [25,27], "portraitScale": 2, "frames": [93]},
    { "name": "W R",       "loop": "onBeat", "fps": 0,  "loopStart": 0,  "portraitOffset": [3,27], "portraitSize": [25,27], "portraitScale": 2, "frames": [88]},
    { "name": "W Left",    "loop": "yes",    "fps": 30, "loopStart": 4,  "portraitOffset": [3,27], "portraitSize": [25,27], "portraitScale": 2, "frames": [97,96,95,94,93]},
    { "name": "W Right",   "loop": "yes",    "fps": 30, "loopStart": 4,  "portraitOffset": [3,27], "portraitSize": [25,27], "portraitScale": 2, "frames": [92,91,90,89,88]},
    { "name": "W Bounce",  "loop": "yes",    "fps": 45, "loopStart": 11, "portraitOffset": [3,27], "portraitSize": [25,27], "portraitScale": 2, "frames": [121,122,10,123,124,8,125,126,124,126,6]},
    { "name": "B",         "loop": "onBeat", "fps": 0,  "loopStart": 0,  "portraitOffset": [3,27], "portraitSize": [25,27], "portraitScale": 2, "frames": [6]},
    { "name": "E",         "loop": "onBeat", "fps": 0,  "loopStart": 0,  "portraitOffset": [3,17], "portraitSize": [25,27], "portraitScale": 2, "frames": [106]},
    { "name": "E Open",    "loop": "yes",    "fps": 40, "loopStart": 8,  "portraitOffset": [3,17], "portraitSize": [25,27], "portraitScale": 2, "frames": [22,23,24,25,26,27,28,29]},
    { "name": "E Close",   "loop": "no",     "fps": 40, "loopStart": 0,  "portraitOffset": [3,17], "portraitSize": [25,27], "portraitScale": 2, "frames": [29,28,27,26,25,24,23,22,0]},
    { "name": "E Both",    "loop": "yes",    "fps": 60, "loopStart": 19, "portraitOffset": [3,17], "portraitSize": [25,27], "portraitScale": 2, "frames": [29,28,27,26,25,24,23,22,0,22,23,24,25,26,27,28,29]},
    { "name": "HeldStart", "loop": "yes",    "fps": 60, "loopStart": 0,  "portraitOffset": [3,17], "portraitSize": [25,27], "portraitScale": 2, "frames": [154,155,156,157,158,159]},
    { "name": "HeldEnd", "loop": "yes",      "fps": 60, "loopStart": 6,  "portraitOffset": [3,27], "portraitSize": [25,27], "portraitScale": 2, "frames": [6,5,4,3,2,1,0]
    }
]}